{"conversation_info": "data/conversation/general/conversation_covert-session-uuid-1755348413631-ty0nv755r.json", "experiment_config": {"steganography_algorithm": "meteor", "question_domain": "data/question/general.txt", "question_index": 0}, "average_capacity_metrics": {"bits_per_round": 1.375, "round_per_bit": 0.7272727272727273, "total_bits_transmitted": 5.5, "bits_per_round_list": [1, 1.5, 1.5, 1.5]}, "rounds": [{"round_number": 1, "bits_transmitted": 1, "ppl": 8.5859375, "entropy": NaN, "rouge1_precision": 0.4107142857142857, "rouge1_recall": 0.36507936507936506, "rouge1_f1": 0.3865546218487395, "bleu": 0.029825144974292565, "lex_div_ttr": 0.6666666666666666, "lex_div_rttr": 4.760952285695233, "lex_div_unigram_entropy": 4.880964009096981}, {"round_number": 2, "bits_transmitted": 1.5, "ppl": 9.65625, "entropy": NaN, "rouge1_precision": 0.3225806451612903, "rouge1_recall": 0.4411764705882353, "rouge1_f1": 0.3726708074534162, "bleu": 0.026772378467607584, "lex_div_ttr": 0.6973684210526315, "lex_div_rttr": 6.0795169475698865, "lex_div_unigram_entropy": 5.459557158694986}, {"round_number": 3, "bits_transmitted": 1.5, "ppl": 11.3515625, "entropy": NaN, "rouge1_precision": 0.33613445378151263, "rouge1_recall": 0.5, "rouge1_f1": 0.4020100502512563, "bleu": 0.0767127901579258, "lex_div_ttr": 0.7047619047619048, "lex_div_rttr": 7.221660539819146, "lex_div_unigram_entropy": 5.96192438947859}, {"round_number": 4, "bits_transmitted": 1.5, "ppl": 6.6484375, "entropy": NaN, "rouge1_precision": 0.391304347826087, "rouge1_recall": 0.6363636363636364, "rouge1_f1": 0.4846153846153846, "bleu": 0.14671916883529437, "lex_div_ttr": 0.6338028169014085, "lex_div_rttr": 7.5526322246702025, "lex_div_unigram_entropy": 6.1332480875250655}], "average_quality_metrics": {"ppl": 9.060546875, "entropy": NaN, "rouge1_precision": 0.36518343312079393, "rouge1_recall": 0.4856548680078092, "rouge1_f1": 0.41146271604219914, "bleu": 0.07000737060878008, "lex_div_ttr": 0.6756499523456528, "lex_div_rttr": 6.403690499438617, "lex_div_unigram_entropy": 5.608923411198905}}