{"conversation_info": "data/conversation/general/conversation_covert-session-uuid-1755418918095-swlu9v304.json", "experiment_config": {"steganography_algorithm": "meteor", "question_domain": "data/question/general.txt", "question_index": 0}, "average_capacity_metrics": {"bits_per_round": 1.375, "round_per_bit": 0.7272727272727273, "total_bits_transmitted": 5.5, "bits_per_round_list": [1, 1.5, 1.5, 1.5]}, "rounds": [{"round_number": 1, "bits_transmitted": 1, "ppl": 11.3125, "entropy": NaN, "rouge1_precision": 0.4186046511627907, "rouge1_recall": 0.32142857142857145, "rouge1_f1": 0.36363636363636365, "bleu": 0.038408266603600326, "lex_div_ttr": 0.8888888888888888, "lex_div_rttr": 5.333333333333333, "lex_div_unigram_entropy": 4.9057645846554525}, {"round_number": 2, "bits_transmitted": 1.5, "ppl": 16.953125, "entropy": NaN, "rouge1_precision": 0.49019607843137253, "rouge1_recall": 0.3048780487804878, "rouge1_f1": 0.37593984962406013, "bleu": 0.10746896175966247, "lex_div_ttr": 0.813953488372093, "lex_div_rttr": 5.3374499616411635, "lex_div_unigram_entropy": 5.0076601035393065}, {"round_number": 3, "bits_transmitted": 1.5, "ppl": 8.46875, "entropy": NaN, "rouge1_precision": 0.4264705882352941, "rouge1_recall": 0.464, "rouge1_f1": 0.4444444444444445, "bleu": 0.07973214191591411, "lex_div_ttr": 0.7238095238095238, "lex_div_rttr": 7.416840554408853, "lex_div_unigram_entropy": 5.919160341900751}, {"round_number": 4, "bits_transmitted": 1.5, "ppl": 11.0703125, "entropy": NaN, "rouge1_precision": 0.475, "rouge1_recall": 0.3392857142857143, "rouge1_f1": 0.39583333333333337, "bleu": 0.06043499475350945, "lex_div_ttr": 0.7681159420289855, "lex_div_rttr": 6.3804502135457675, "lex_div_unigram_entropy": 5.524978623350771}], "average_quality_metrics": {"ppl": 11.951171875, "entropy": NaN, "rouge1_precision": 0.4525678294573643, "rouge1_recall": 0.3573980836236934, "rouge1_f1": 0.3949634977595504, "bleu": 0.0715110912581716, "lex_div_ttr": 0.7986919607748728, "lex_div_rttr": 6.117018515732279, "lex_div_unigram_entropy": 5.33939091336157}}