{"conversation_info": "data/conversation/general/conversation_covert-session-uuid-1755606135553-62u9wij2z.json", "experiment_config": {"steganography_algorithm": "meteor", "question_domain": "data/question/general.txt", "question_index": 0}, "average_capacity_metrics": {"bits_per_round": 2.375, "round_per_bit": 0.42105263157894735, "total_bits_transmitted": 9.5, "bits_per_round_list": [5, 1.5, 1.5, 1.5]}, "rounds": [{"round_number": 1, "bits_transmitted": 5, "ppl": 18.328125, "entropy": NaN, "rouge1_precision": 0.4838709677419355, "rouge1_recall": 0.42857142857142855, "rouge1_f1": 0.4545454545454545, "bleu": 0.03938938913434852, "lex_div_ttr": 0.7547169811320755, "lex_div_rttr": 5.494422557947561, "lex_div_unigram_entropy": 5.010939322487728}, {"round_number": 2, "bits_transmitted": 1.5, "ppl": 10.2421875, "entropy": NaN, "rouge1_precision": 0.3333333333333333, "rouge1_recall": 0.4791666666666667, "rouge1_f1": 0.39316239316239315, "bleu": 0.11355613131358884, "lex_div_ttr": 0.7, "lex_div_rttr": 5.422176684690384, "lex_div_unigram_entropy": 5.129040021224234}, {"round_number": 3, "bits_transmitted": 1.5, "ppl": 12.96875, "entropy": NaN, "rouge1_precision": 0.38235294117647056, "rouge1_recall": 0.29545454545454547, "rouge1_f1": 0.33333333333333337, "bleu": 0.021280994282134, "lex_div_ttr": 0.7413793103448276, "lex_div_rttr": 5.64617661296807, "lex_div_unigram_entropy": 5.176777977811589}, {"round_number": 4, "bits_transmitted": 1.5, "ppl": 17.25, "entropy": NaN, "rouge1_precision": 0.47058823529411764, "rouge1_recall": 0.5128205128205128, "rouge1_f1": 0.49079754601226994, "bleu": 0.15602729625155382, "lex_div_ttr": 0.6933333333333334, "lex_div_rttr": 6.004442799572107, "lex_div_unigram_entropy": 5.415224690380496}], "average_quality_metrics": {"ppl": 14.697265625, "entropy": NaN, "rouge1_precision": 0.4175363693864642, "rouge1_recall": 0.4290032883782884, "rouge1_f1": 0.4179596817633628, "bleu": 0.0825634527454063, "lex_div_ttr": 0.7223574062025591, "lex_div_rttr": 5.64180466379453, "lex_div_unigram_entropy": 5.182995502976011}}