{"conversation_info": "data/conversation/general/conversation_covert-session-uuid-1755608425172-rboii4ktu.json", "experiment_config": {"steganography_algorithm": "meteor", "question_domain": "data/question/general.txt", "question_index": 0}, "average_capacity_metrics": {"bits_per_round": 2.875, "round_per_bit": 0.34782608695652173, "total_bits_transmitted": 11.5, "bits_per_round_list": [7, 1.5, 1.5, 1.5]}, "rounds": [{"round_number": 1, "bits_transmitted": 7, "ppl": 7.24609375, "entropy": NaN, "rouge1_precision": 0.18888888888888888, "rouge1_recall": 0.25757575757575757, "rouge1_f1": 0.21794871794871795, "bleu": 0.016981808291941916, "lex_div_ttr": 0.7027027027027027, "lex_div_rttr": 6.0448772146786025, "lex_div_unigram_entropy": 5.408627353077058}, {"round_number": 2, "bits_transmitted": 1.5, "ppl": 7.91015625, "entropy": NaN, "rouge1_precision": 0.5925925925925926, "rouge1_recall": 0.4948453608247423, "rouge1_f1": 0.5393258426966292, "bleu": 0.15087958170831298, "lex_div_ttr": 0.7352941176470589, "lex_div_rttr": 6.063390625908324, "lex_div_unigram_entropy": 5.412225385943081}, {"round_number": 3, "bits_transmitted": 1.5, "ppl": 7.8359375, "entropy": NaN, "rouge1_precision": 0.46, "rouge1_recall": 0.46464646464646464, "rouge1_f1": 0.4623115577889447, "bleu": 0.12953490998108097, "lex_div_ttr": 0.6263736263736264, "lex_div_rttr": 5.9752235693149345, "lex_div_unigram_entropy": 5.522643645783923}, {"round_number": 4, "bits_transmitted": 1.5, "ppl": 7.69921875, "entropy": NaN, "rouge1_precision": 0.4375, "rouge1_recall": 0.4883720930232558, "rouge1_f1": 0.4615384615384615, "bleu": 0.09521208202218874, "lex_div_ttr": 0.6219512195121951, "lex_div_rttr": 5.632007829817173, "lex_div_unigram_entropy": 5.271470906740504}], "average_quality_metrics": {"ppl": 7.6728515625, "entropy": NaN, "rouge1_precision": 0.41974537037037035, "rouge1_recall": 0.4263599190175551, "rouge1_f1": 0.4202811449931883, "bleu": 0.09815209550088115, "lex_div_ttr": 0.6715804165588958, "lex_div_rttr": 5.928874809929758, "lex_div_unigram_entropy": 5.403741822886142}}