{"conversation_info": "data/conversation/general/conversation_covert-session-uuid-1755345660357-jvv58oa65.json", "experiment_config": {"steganography_algorithm": "meteor", "question_domain": "data/question/general.txt", "question_index": 0}, "average_capacity_metrics": {"bits_per_round": 1.0, "round_per_bit": 1.0, "total_bits_transmitted": 3.0, "bits_per_round_list": [0, 1.5, 1.5]}, "rounds": [{"round_number": 1, "bits_transmitted": 0, "ppl": 7.41796875, "entropy": NaN, "rouge1_precision": 0.5238095238095238, "rouge1_recall": 0.36666666666666664, "rouge1_f1": 0.4313725490196078, "bleu": 0.12942700173481947, "lex_div_ttr": 0.7543859649122807, "lex_div_rttr": 5.695489135379688, "lex_div_unigram_entropy": 5.231755584226313}, {"round_number": 2, "bits_transmitted": 1.5, "ppl": 11.15625, "entropy": NaN, "rouge1_precision": 0.19117647058823528, "rouge1_recall": 0.5777777777777777, "rouge1_f1": 0.287292817679558, "bleu": 0.04112554659309623, "lex_div_ttr": 0.6885245901639344, "lex_div_rttr": 7.605002667571556, "lex_div_unigram_entropy": 6.035995407267217}, {"round_number": 3, "bits_transmitted": 1.5, "ppl": 6.03125, "entropy": NaN, "rouge1_precision": 0.5, "rouge1_recall": 0.4892086330935252, "rouge1_f1": 0.4945454545454545, "bleu": 0.1120333978862113, "lex_div_ttr": 0.6557377049180327, "lex_div_rttr": 7.242859683401482, "lex_div_unigram_entropy": 5.913073584133204}], "average_quality_metrics": {"ppl": 8.201822916666666, "entropy": NaN, "rouge1_precision": 0.40499533146591976, "rouge1_recall": 0.4778843591793232, "rouge1_f1": 0.40440360708154016, "bleu": 0.094195315404709, "lex_div_ttr": 0.6995494199980826, "lex_div_rttr": 6.847783828784242, "lex_div_unigram_entropy": 5.726941525208911}}