{"conversation_info": "data/conversation/general/conversation_covert-session-uuid-1755420412280-cmbn4q6a3.json", "experiment_config": {"steganography_algorithm": "discop", "question_domain": "data/question/general.txt", "question_index": 0}, "average_capacity_metrics": {"bits_per_round": 2.0, "round_per_bit": 0.5, "total_bits_transmitted": 6.0, "bits_per_round_list": [1.5, 1.5, 3]}, "rounds": [{"round_number": 1, "bits_transmitted": 1.5, "ppl": 11.8515625, "entropy": NaN, "rouge1_precision": 0.3, "rouge1_recall": 0.3559322033898305, "rouge1_f1": 0.3255813953488372, "bleu": 0.026282375342443712, "lex_div_ttr": 0.7377049180327869, "lex_div_rttr": 5.761659596980319, "lex_div_unigram_entropy": 5.2435873873843}, {"round_number": 2, "bits_transmitted": 1.5, "ppl": 14.4375, "entropy": NaN, "rouge1_precision": 0.5522388059701493, "rouge1_recall": 0.3135593220338983, "rouge1_f1": 0.39999999999999997, "bleu": 0.02091931916063202, "lex_div_ttr": 0.75, "lex_div_rttr": 5.809475019311125, "lex_div_unigram_entropy": 5.261406329721842}, {"round_number": 3, "bits_transmitted": 3, "ppl": 11.0703125, "entropy": NaN, "rouge1_precision": 0.45454545454545453, "rouge1_recall": 0.5294117647058824, "rouge1_f1": 0.4891304347826087, "bleu": 0.15487187814179423, "lex_div_ttr": 0.6704545454545454, "lex_div_rttr": 6.289421132490507, "lex_div_unigram_entropy": 5.666540283287102}], "average_quality_metrics": {"ppl": 12.453125, "entropy": NaN, "rouge1_precision": 0.4355947535052013, "rouge1_recall": 0.3996344300432037, "rouge1_f1": 0.40490394337714863, "bleu": 0.06735785754828999, "lex_div_ttr": 0.7193864878291109, "lex_div_rttr": 5.953518582927317, "lex_div_unigram_entropy": 5.390511333464414}}