{"conversation_info": "data/conversation/general/conversation_covert-session-uuid-1755192311970-4xwblizw5.json", "experiment_config": {"steganography_algorithm": "meteor", "question_domain": "data/question/general.txt", "question_index": 0}, "average_capacity_metrics": {"bits_per_round": 1.5, "round_per_bit": 0.6666666666666666, "total_bits_transmitted": 4.5, "bits_per_round_list": [1.5, 1.5, 1.5]}, "rounds": [{"round_number": 1, "bits_transmitted": 1.5, "ppl": 8.7421875, "entropy": NaN, "rouge1_precision": 0.32038834951456313, "rouge1_recall": 0.4583333333333333, "rouge1_f1": 0.37714285714285717, "bleu": 0.07647807777338182, "lex_div_ttr": 0.7252747252747253, "lex_div_rttr": 6.918679922364661, "lex_div_unigram_entropy": 5.791736843948915}, {"round_number": 2, "bits_transmitted": 1.5, "ppl": 7.4765625, "entropy": NaN, "rouge1_precision": 0.512396694214876, "rouge1_recall": 0.5636363636363636, "rouge1_f1": 0.5367965367965368, "bleu": 0.18098024434363344, "lex_div_ttr": 0.6923076923076923, "lex_div_rttr": 7.060180864974626, "lex_div_unigram_entropy": 5.778054614430156}, {"round_number": 3, "bits_transmitted": 1.5, "ppl": 5.77734375, "entropy": NaN, "rouge1_precision": 0.4563758389261745, "rouge1_recall": 0.5964912280701754, "rouge1_f1": 0.5171102661596958, "bleu": 0.19949974004685056, "lex_div_ttr": 0.6377952755905512, "lex_div_rttr": 7.187587726270522, "lex_div_unigram_entropy": 5.955940470267667}], "average_quality_metrics": {"ppl": 7.33203125, "entropy": NaN, "rouge1_precision": 0.42972029421853786, "rouge1_recall": 0.5394869750132908, "rouge1_f1": 0.4770165533663633, "bleu": 0.15231935405462194, "lex_div_ttr": 0.685125897724323, "lex_div_rttr": 7.055482837869936, "lex_div_unigram_entropy": 5.8419106428822465}}