{"conversation_info": "data/conversation/general/conversation_covert-session-uuid-1755917271838-0v9by34ol.json", "experiment_config": {"steganography_algorithm": "meteor", "question_domain": "data/question/general.txt", "question_index": 0}, "average_capacity_metrics": {"bits_per_round": 1.5, "round_per_bit": 0.6666666666666666, "total_bits_transmitted": 6.0, "bits_per_round_list": [1.5, 1.5, 1.5, 1.5]}, "rounds": [{"round_number": 1, "bits_transmitted": 1.5, "ppl": 6.171875, "entropy": NaN, "rouge1_precision": 0.5070422535211268, "rouge1_recall": 0.41379310344827586, "rouge1_f1": 0.4556962025316456, "bleu": 0.11004791342457562, "lex_div_ttr": 0.8032786885245902, "lex_div_rttr": 6.273807116711903, "lex_div_unigram_entropy": 5.399485338274908}, {"round_number": 2, "bits_transmitted": 1.5, "ppl": 11.578125, "entropy": NaN, "rouge1_precision": 0.3582089552238806, "rouge1_recall": 0.3287671232876712, "rouge1_f1": 0.34285714285714286, "bleu": 0.05751459441680822, "lex_div_ttr": 0.7796610169491526, "lex_div_rttr": 5.988689905117898, "lex_div_unigram_entropy": 5.382477371322401}, {"round_number": 3, "bits_transmitted": 1.5, "ppl": 7.4453125, "entropy": NaN, "rouge1_precision": 0.47580645161290325, "rouge1_recall": 0.48760330578512395, "rouge1_f1": 0.4816326530612245, "bleu": 0.04157394300659656, "lex_div_ttr": 0.5963302752293578, "lex_div_rttr": 6.225870853937484, "lex_div_unigram_entropy": 5.529799927146362}, {"round_number": 4, "bits_transmitted": 1.5, "ppl": 7.8671875, "entropy": NaN, "rouge1_precision": 0.36904761904761907, "rouge1_recall": 0.4305555555555556, "rouge1_f1": 0.39743589743589747, "bleu": 0.015212439280470448, "lex_div_ttr": 0.7272727272727273, "lex_div_rttr": 6.381792281739725, "lex_div_unigram_entropy": 5.607967632211778}], "average_quality_metrics": {"ppl": 8.265625, "entropy": NaN, "rouge1_precision": 0.4275263198513824, "rouge1_recall": 0.4151797720191566, "rouge1_f1": 0.41940547397147765, "bleu": 0.056087222532112714, "lex_div_ttr": 0.726635676993957, "lex_div_rttr": 6.217540039376752, "lex_div_unigram_entropy": 5.479932567238863}}