{"conversation_info": "data/conversation/general/conversation_covert-session-uuid-1755420474553-lhu7zvn67.json", "experiment_config": {"steganography_algorithm": "discop", "question_domain": "data/question/general.txt", "question_index": 0}, "average_capacity_metrics": {"bits_per_round": 2.0, "round_per_bit": 0.5, "total_bits_transmitted": 6.0, "bits_per_round_list": [1.5, 1.5, 3]}, "rounds": [{"round_number": 1, "bits_transmitted": 1.5, "ppl": 7.55078125, "entropy": NaN, "rouge1_precision": 0.3047619047619048, "rouge1_recall": 0.4266666666666667, "rouge1_f1": 0.35555555555555557, "bleu": 0.02499795574023378, "lex_div_ttr": 0.7282608695652174, "lex_div_rttr": 6.9852328709120055, "lex_div_unigram_entropy": 5.729286979821534}, {"round_number": 2, "bits_transmitted": 1.5, "ppl": 10.5859375, "entropy": NaN, "rouge1_precision": 0.5737704918032787, "rouge1_recall": 0.3645833333333333, "rouge1_f1": 0.445859872611465, "bleu": 0.11134982546704836, "lex_div_ttr": 0.8627450980392157, "lex_div_rttr": 6.161232369723243, "lex_div_unigram_entropy": 5.368312106592535}, {"round_number": 3, "bits_transmitted": 3, "ppl": 7.609375, "entropy": NaN, "rouge1_precision": 0.3904109589041096, "rouge1_recall": 0.6263736263736264, "rouge1_f1": 0.4810126582278481, "bleu": 0.08577563706713363, "lex_div_ttr": 0.6, "lex_div_rttr": 6.7082039324993685, "lex_div_unigram_entropy": 5.791845689289724}], "average_quality_metrics": {"ppl": 8.58203125, "entropy": NaN, "rouge1_precision": 0.42298111848976433, "rouge1_recall": 0.4725412087912088, "rouge1_f1": 0.4274760287982895, "bleu": 0.07404113942480527, "lex_div_ttr": 0.730335322534811, "lex_div_rttr": 6.618223057711539, "lex_div_unigram_entropy": 5.629814925234598}}