{"conversation_info": "data/conversation/conversation_covert-session-uuid-1755347714724-m7m89ktea.json", "experiment_config": {"steganography_algorithm": "meteor", "question_domain": "data/question/art.txt", "question_index": 0}, "average_capacity_metrics": {"bits_per_round": 1.625, "round_per_bit": 0.6153846153846154, "total_bits_transmitted": 6.5, "bits_per_round_list": [2, 1.5, 1.5, 1.5]}, "rounds": [{"round_number": 1, "bits_transmitted": 2, "ppl": 21.890625, "entropy": NaN, "rouge1_precision": 0.4166666666666667, "rouge1_recall": 0.2777777777777778, "rouge1_f1": 0.33333333333333337, "bleu": 0.011483207471289609, "lex_div_ttr": 0.7954545454545454, "lex_div_rttr": 5.276448530110864, "lex_div_unigram_entropy": 4.998871107126151}, {"round_number": 2, "bits_transmitted": 1.5, "ppl": 19.5, "entropy": NaN, "rouge1_precision": 0.47435897435897434, "rouge1_recall": 0.44047619047619047, "rouge1_f1": 0.4567901234567901, "bleu": 0.09038532809025013, "lex_div_ttr": 0.7536231884057971, "lex_div_rttr": 6.260064360459999, "lex_div_unigram_entropy": 5.517873913268553}, {"round_number": 3, "bits_transmitted": 1.5, "ppl": 9.8671875, "entropy": NaN, "rouge1_precision": 0.41333333333333333, "rouge1_recall": 0.34444444444444444, "rouge1_f1": 0.37575757575757573, "bleu": 0.10885071215686229, "lex_div_ttr": 0.7580645161290323, "lex_div_rttr": 5.969005969008953, "lex_div_unigram_entropy": 5.4137160683816}, {"round_number": 4, "bits_transmitted": 1.5, "ppl": 11.78125, "entropy": NaN, "rouge1_precision": 0.525, "rouge1_recall": 0.39622641509433965, "rouge1_f1": 0.45161290322580644, "bleu": 0.025490187107462682, "lex_div_ttr": 0.6805555555555556, "lex_div_rttr": 5.774705379690139, "lex_div_unigram_entropy": 5.366115237818324}], "average_quality_metrics": {"ppl": 15.759765625, "entropy": NaN, "rouge1_precision": 0.4573397435897436, "rouge1_recall": 0.36473120694818806, "rouge1_f1": 0.4043734839433764, "bleu": 0.059052358706466176, "lex_div_ttr": 0.7469244513862325, "lex_div_rttr": 5.820056059817489, "lex_div_unigram_entropy": 5.324144081648657}}