{"conversation_info": "data/conversation/conversation_covert-session-uuid-1755347792167-q9emh34su.json", "experiment_config": {"steganography_algorithm": "discop", "question_domain": "data/question/art.txt", "question_index": 0}, "average_capacity_metrics": {"bits_per_round": 1.5, "round_per_bit": 0.6666666666666666, "total_bits_transmitted": 3.0, "bits_per_round_list": [1.5, 1.5]}, "rounds": [{"round_number": 1, "bits_transmitted": 1.5, "ppl": 12.6640625, "entropy": NaN, "rouge1_precision": 0.34285714285714286, "rouge1_recall": 0.34285714285714286, "rouge1_f1": 0.34285714285714286, "bleu": 0.0691791023737071, "lex_div_ttr": 0.819672131147541, "lex_div_rttr": 6.401843996644799, "lex_div_unigram_entropy": 5.53295598499747}, {"round_number": 2, "bits_transmitted": 1.5, "ppl": 11.1328125, "entropy": NaN, "rouge1_precision": 0.32954545454545453, "rouge1_recall": 0.43283582089552236, "rouge1_f1": 0.37419354838709673, "bleu": 0.032297915779362835, "lex_div_ttr": 0.7236842105263158, "lex_div_rttr": 6.308932681440448, "lex_div_unigram_entropy": 5.608069743929236}], "average_quality_metrics": {"ppl": 11.8984375, "entropy": NaN, "rouge1_precision": 0.33620129870129867, "rouge1_recall": 0.38784648187633264, "rouge1_f1": 0.3585253456221198, "bleu": 0.05073850907653497, "lex_div_ttr": 0.7716781708369285, "lex_div_rttr": 6.355388339042623, "lex_div_unigram_entropy": 5.570512864463353}}