{"conversation_info": "data/conversation/conversation_covert-session-uuid-1755347448625-fpvbb74h8.json", "experiment_config": {"steganography_algorithm": "meteor", "question_domain": "data/question/art.txt", "question_index": 0}, "average_capacity_metrics": {"bits_per_round": 2.75, "round_per_bit": 0.36363636363636365, "total_bits_transmitted": 11.0, "bits_per_round_list": [2, 6, 1.5, 1.5]}, "rounds": [{"round_number": 1, "bits_transmitted": 2, "ppl": 10.4609375, "entropy": NaN, "rouge1_precision": 0.22950819672131148, "rouge1_recall": 0.3783783783783784, "rouge1_f1": 0.28571428571428575, "bleu": 0.024064234440454427, "lex_div_ttr": 0.8363636363636363, "lex_div_rttr": 6.202638734661827, "lex_div_unigram_entropy": 5.454086986251932}, {"round_number": 2, "bits_transmitted": 6, "ppl": 15.34375, "entropy": NaN, "rouge1_precision": 0.5636363636363636, "rouge1_recall": 0.2897196261682243, "rouge1_f1": 0.382716049382716, "bleu": 0.016208704793158994, "lex_div_ttr": 0.7755102040816326, "lex_div_rttr": 5.428571428571429, "lex_div_unigram_entropy": 5.150324384887383}, {"round_number": 3, "bits_transmitted": 1.5, "ppl": 11.625, "entropy": NaN, "rouge1_precision": 0.5, "rouge1_recall": 0.36666666666666664, "rouge1_f1": 0.423076923076923, "bleu": 0.024433251292226867, "lex_div_ttr": 0.7586206896551724, "lex_div_rttr": 5.777483045827792, "lex_div_unigram_entropy": 5.244021676602798}, {"round_number": 4, "bits_transmitted": 1.5, "ppl": 26.5, "entropy": NaN, "rouge1_precision": 0.5866666666666667, "rouge1_recall": 0.36363636363636365, "rouge1_f1": 0.4489795918367347, "bleu": 0.06951474408121987, "lex_div_ttr": 0.8461538461538461, "lex_div_rttr": 6.821910402406465, "lex_div_unigram_entropy": 5.641523389918247}], "average_quality_metrics": {"ppl": 15.982421875, "entropy": NaN, "rouge1_precision": 0.4699528067560855, "rouge1_recall": 0.3496002587124083, "rouge1_f1": 0.3851217125026649, "bleu": 0.033555233651765035, "lex_div_ttr": 0.804162094063572, "lex_div_rttr": 6.057650902866879, "lex_div_unigram_entropy": 5.37248910941509}}